group,importance,importance_pct
Followers,0.014172814,73.10707
Sentiment,0.0024210892,12.48861
Timing,0.0018283166,9.430934
Hashtags/Text,0.00096415885,4.973383
