group,importance,importance_pct
Hashtags/Text,0.965123,96.51228
Timing,0.018283166,1.8283163
Followers,0.014172814,1.4172813
Sentiment,0.0024210892,0.2421089
